County,Random Effect
Will,6.783081292528536e-05
Lake,4.180739257412706e-05
Cook,-2.2770545982308396e-05
DuPage,-4.294694601547642e-05
Kane,-4.392071350162397e-05
