Days,Months,Years,Survival_Probability
180,6.0,0.4931506849315068,0.9457857444816823
365,12.166666666666666,1.0,0.8887366414999202
730,24.333333333333332,2.0,0.7782802668195082
1095,36.5,3.0,0.5570397978236886
